Temperature,Ws,RH,Rain,FFMC,DMC,ISI,Temperature Ws,Temperature RH,Ws RH,Ws FFMC,RH FFMC,Rain DMC,Rain DC,Rain ISI,Rain BUI
18.95239873,12.29253575,43.85586457,-0.340305627,73.06375172,-2.371082502,0.487245655,232.9730389367796,831.17383197952,539.0997830738834,898.138780047224,3204.2740004084244,0.8068927175118388,-9.713538455539426,-0.1658124381278007,-2.1185594760092554
34.49861002,14.83821071,46.23044095,0.939651915,56.02797702,0.441001903,-1.472158138,511.8976446788773,1594.8859533866885,685.9770240323127,831.354928677798,2590.198083171067,0.4143882826725942,-9.403694040730848,-1.3833162135545343,2.131227835718931
15.2586647,10.96869591,57.08427907,1.397912857,33.11440421,3.389993973,1.338736575,167.36765308695138,871.0298739703579,626.1400983604076,363.2218300203137,1890.3118911604226,4.738916160009211,-19.255673189787544,1.8714370703286447,-4.652124929985216
24.84793583,17.92402451,99.91000024,3.958665539,26.14898611,5.179630349,-0.755090313,445.37501083982715,2482.5572747388046,1790.7892930958658,468.6950679472895,2612.5452085258567,20.504424167344844,-5.51358415080008,-2.9891500009058234,0.5197844118713881
19.38122732,23.74054015,104.3986797,13.39472294,28.65801963,-2.247163916,0.55824896,460.1208053467369,2023.3745431735695,2478.4810470248403,680.3568656455031,2991.859412188682,-30.10013805558543,-45.97991905860571,7.477590150743143,-25.831339511346105
41.10032289,17.60582209,72.07170061,2.046936278,71.23418819,5.110650462,-0.182702591,723.6049726428947,2962.1701663024096,1268.8815386634044,1254.1364439987192,5133.969084426077,10.46117583484526,60.165235281676175,-0.3739805616024963,5.701688518922832
19.03884212,17.48223285,67.33685096,2.273605023,34.22298254,1.767097077,-1.86906464,332.84147113622765,1282.0156742854106,1177.198507868466,598.2941495857643,2304.4678747026624,4.017680790395818,9.800783771027398,-4.249514753815687,15.416491501878212
38.80871021,18.7868011,66.25240652,-0.217015345,79.13762808,3.403384337,1.21222731,729.0915196628093,2571.1704453497946,1244.6707836875833,1486.742878264735,5243.058306584727,-0.7385866260616513,-1.6493826215747827,-0.26307192789807193,-0.4371844535653685
26.74242218,13.32702646,103.9201238,-0.254259295,65.9851755,-2.474511699,0.45684457,356.3969679973509,2779.0758236574657,1384.9462396090757,879.3861798562438,6857.187606924726,0.6291676000569921,0.2921705557341131,-0.11615697829277814,-2.2752490074018272
40.90260761,20.31595843,68.45034815,0.147903473,45.5628016,8.227194333,3.455350319,830.9756758833615,2799.797731147339,1390.6344275344272,925.6519832599374,3118.789632209377,1.2168306148966186,3.0435142103955632,0.5110583126117579,1.8725290254455333
25.79239307,15.43500635,69.83298874,-0.141123198,92.1839249,7.989689034,5.051521899,398.105750817146,1801.159894834964,1077.8726246413785,1422.859466199423,6437.478989550706,-1.1275304675036109,-6.147005511698757,-0.712886925153913,-0.35783467432615707
44.06642081,19.79023183,84.0066587,0.241407111,63.80924394,8.889218151,2.019873246,872.0846837482363,3701.8727731162476,1662.5112509366866,1262.7997304696225,5360.4013775726235,2.145920472881672,0.1555554368664069,0.4876117649030523,1.7409282535181312
28.9224984,20.62262895,53.58571361,0.479857174,82.32276931,11.03017659,3.825234162,596.4579528101686,1549.8327161480831,1105.0782887999949,1697.7119256165774,4411.324339827757,5.292909367198357,24.221022004850717,1.8355660548655783,7.203556417791282
27.99131511,11.62912438,80.80138695,-0.166931841,103.9877842,4.217710499,6.63911377,325.51448497396336,2261.7370834424914,939.6493789180588,1209.2868764623988,8402.357189217295,-0.7040701784030986,-4.740397870158972,-1.1082794842345505,-1.4721621289149365
19.49948188,23.40129245,61.2822834,1.193911555,82.34366167,5.452802623,0.405849007,456.3130780973558,1194.9727747233248,1434.0846358471802,1926.9481081435254,5046.207610654657,6.510164058734008,12.956811729039773,0.4845478190425758,14.43484497135756
34.37970926,20.59051619,100.6357221,-0.24468579,79.49562847,17.24392554,6.937837123,707.8959601255228,3459.8268669681565,2072.1414651923906,1636.85602504576,8000.099974871768,-4.219343543456076,-8.800188410449795,-1.6975901573325822,-3.783961158749638
27.57644821,11.28177871,81.59170826,-0.060854408,47.28325423,10.12333835,-1.150029115,311.1113863129956,2250.0095171973194,920.4995971601992,533.4392109115314,3857.921484717571,-0.6160497622729467,-2.4144914446320085,0.06998434097608891,-0.572215777076637
22.32176472,18.67542582,64.02841255,-0.128378571,77.25940264,2.924709395,2.287723455,416.86846119985313,1429.2271603361953,1195.757868949882,1442.8522429008324,4946.7969056004795,-0.3754700127203745,-1.41691728961799,-0.2936946679960828,-1.7183929718902042
23.25325273,9.81387056,21.33265264,-0.199619621,55.80763741,15.38431716,6.760223514,228.20441239118662,496.05356323922166,209.35589171040226,547.6889298011537,1190.5249435265991,-3.0710115608229964,-7.982000307978943,-1.3494732557399682,-2.7238314471597644
27.12742646,6.016706938,85.21497465,0.262538979,79.11430917,6.667645643,3.353435712,163.21777499196676,2311.662958108639,512.7135291981491,476.007612878216,6741.723850373813,1.7505168794470185,6.412848971099502,0.880407587970618,2.1014611131830674
28.33128887,9.334307281,63.45012295,0.127537863,109.497883,7.903846273,5.490176942,264.45295597935524,1797.6237621334667,592.2629446325302,1022.086886540986,6947.654139114715,1.0080396631389346,6.360724948090094,0.7002054346745549,1.202015571566253
28.31017864,26.29789693,45.76626159,0.30881585,123.3793696,15.23531611,14.49049831,744.4981599446076,1295.6510412978705,1203.556430165238,3244.6179450291756,5646.612503922894,4.704907094528344,7.049474687821251,4.474895552526213,6.321968726419357
31.74360988,15.69347634,100.9447097,0.182405465,54.21618243,16.05835648,3.375630802,498.1675905979703,3204.349484166652,1584.1734133251186,850.8403762103287,5472.836796438592,2.9291319808701632,13.98767552525369,0.6157335061071328,4.583889253061961
30.25899531,22.20106978,38.95019782,-0.066227636,87.83201186,15.38886081,7.094734189,671.7820663500028,1178.5938531589522,864.7360597466239,1949.9646242216475,3421.074236875586,-1.0191678721793453,-3.3591116850658858,-0.4698674733858473,-0.9459171086382635
29.43454979,14.40415404,80.7470147,0.870041869,71.29602289,4.858150615,1.748677944,423.97978927320963,2376.7520245810115,1163.0924380089443,1026.958896146926,5756.941008350366,4.226794440958099,14.51216600675005,1.5214230266768374,9.49474811479221
31.29700687,13.74635047,51.64291014,1.876904026,58.03406401,15.25791947,3.173573376,430.21962509701774,1616.2685134383726,709.9015420751567,797.7565830798736,2997.047952727438,28.637650481626785,-25.132726941864487,5.956492646220812,25.679484944477302
20.01420979,13.03731989,75.32458298,0.697421231,48.35816267,2.000958285,2.325197974,260.9316553777997,1507.5620061059833,982.0306838911094,630.4608360214464,3642.5584367967535,1.3955107903043487,10.819949360496627,1.621642433345786,2.96166473343893
35.61090733,16.70167783,82.31958902,0.203552841,33.75418416,6.319106728,0.552404597,594.7619014596456,2931.4752560349057,1374.8752549100454,563.7515092548092,2778.630567756594,1.2862721270666144,-0.047977707917433096,0.11244352510081009,2.2907027196491345
31.02760453,14.89646414,111.5943646,-0.301859418,70.66158102,12.17478232,1.084014183,462.2015982312466,3462.505812585432,1662.3614504899856,1052.6077077401346,7885.43423555832,-3.67507270539189,-10.330265977918822,-0.3272198903841255,-2.4635202270759216
30.29255139,22.77334739,98.59930525,2.869738336,40.82129834,-3.433916755,-0.829962879,689.8627961338974,2986.8245213039218,2245.436230870901,929.6376080076503,4024.951655726978,-9.85444255445622,-3.5350992995855464,-2.3817762913232294,1.8479179360121905
23.08087474,8.326754268,68.48457999,0.638636337,67.30097731,3.90710978,-0.422137843,192.1887722504684,1580.6840123707004,570.25426872392,560.3987000566136,4609.07916399187,2.4952222781560756,14.130565080298844,-0.2695925657626011,-0.5094717974485824
33.54311734,15.39830702,82.61065533,0.39113325,64.09650801,-3.788683857,-0.592834908,516.5072192092058,2771.0189052684864,1272.0642338947396,986.9777092478691,5295.054531070694,-1.4818802302109453,1.0401171841211332,-0.231877444279491,1.2887031540106373
39.06802027,13.13098365,107.4709787,0.324744338,52.85098745,4.35477562,-1.474396095,513.0015354032386,4198.678374288338,1411.1996641591982,693.9854520923051,5679.947346512918,1.4141887258554395,-0.058749120834659246,-0.4788017838205601,1.8429112092378201
23.03909696,14.21553403,72.88770793,4.869623813,42.76142121,0.218744671,1.037214898,327.51306685534956,1679.2669701914308,1036.137692447616,607.8764383819188,3116.7819798261876,1.0652042588684505,75.28931644485147,5.050846366499165,33.93012495545049
42.70125777,11.96766672,62.19409702,8.621902214,66.34340697,9.700827868,0.990315111,511.0344215161704,2655.7661686234087,744.3182250867052,793.9757836862851,4126.168289729524,83.6395892727421,35.295029719627095,8.538400048088556,-17.819342611367233
16.60204502,16.64106757,55.32849845,0.61967771,83.54738951,4.802457013,-0.969038036,276.275752978002,918.5662221559,920.7252812530903,1390.3177541330192,4622.551611005581,2.97597556418928,1.7901841212231635,-0.6004912710513777,1.6463636810782358
37.90273908,10.23861944,67.26197047,4.769766426,37.66270675,-1.964680371,2.733802121,388.0717211737358,2549.412916731075,688.6697184268479,385.61412149356926,2533.2678692387694,-9.371066471417025,10.824958932428812,13.03959757207339,5.120200445083491
24.59247382,18.72301018,47.41398679,-0.011966695,101.9850593,4.328996807,1.637725807,460.44513768324344,1166.0272288349008,887.7325573435555,1909.4673034818036,4835.518254427567,-0.051803784445342865,-0.39535354244963067,-0.019598165225997864,-0.13607684283374805
39.9691355,13.45124476,48.58127018,0.301313103,84.4565149,-2.692819424,1.913242202,537.634624456105,1941.7513705865292,653.4785559428692,1136.045253496487,4103.004768818096,-0.8113817764641128,-2.5279658025416736,0.5764849446751729,0.011016829329138089
22.08883638,10.96067525,106.0887948,0.313355093,46.0784097,0.155100654,0.18306896,242.10856221156558,2343.378030088595,1162.8048274666887,505.05048475814993,4888.40295137363,0.04860157985853082,14.935495225496862,0.05736559098621328,1.9469638419048747
43.75949742,14.07289233,69.34596929,0.158599083,114.6376498,6.834787982,5.256931552,615.8226956065728,3034.544764233154,975.8983593376565,1613.283302599646,7949.658942508575,1.0839911064446206,2.656960957757086,0.8337445235409668,2.1177521333208595
31.3581339,13.35070287,78.32637514,0.137109586,78.40006859,0.06775187,1.940966981,418.65312825657423,2456.168959541751,1045.7121613782945,1046.69602073271,6140.793183382071,0.009289430846425821,5.244262489693015,0.2661251792045799,0.5034036677688983
28.58712972,9.941826302,43.55658983,1.279772814,86.97638149,6.768828658,3.741076625,284.20827814898195,1245.1578836310428,433.0320503973197,864.704077150068,3788.394573457534,8.662562899132505,29.122735369803806,4.787728159765872,18.848215180489014
18.99705129,23.07282665,85.39356797,0.061008404,82.75336184,6.569644711,2.122829597,438.3156712753289,1622.2259905621916,1970.2709907968026,1909.353972439045,7066.604829030044,0.4008035386651512,1.5740895940242912,0.12951044567693318,0.41706541837269673
21.65946215,17.81723274,48.62405999,1.028951055,43.61979531,9.51881082,2.810834508,385.9116781497708,1053.1709869327344,866.3461936055521,777.1840451094305,2120.9715439049605,9.794390435584416,10.583471124164486,2.8922111324370063,10.916569600922692
46.45563602,22.04419037,83.10480297,-0.050420774,83.10971411,7.949741211,3.775574386,1024.0768841843092,3860.686478288135,1831.9780973320212,1832.086359437115,6906.816416004578,-0.40083210495831734,-2.2063516859729013,-0.19036738283669477,-0.7456026868514963
39.81904376,13.08613718,68.07151464,-0.311420335,54.82063555,15.21004447,6.138732973,521.0774690197829,2710.542620259641,890.7931786294183,717.3903571020847,3731.7236954159293,-4.736717144212297,-3.6700562633743634,-1.9117262789272058,-3.5928201057407523
25.51850301,13.97024164,58.75992081,0.048944073,63.00807189,9.75227371,7.631989085,356.49965334076734,1499.4652160573467,820.8902924629645,880.2379895737914,3702.3493146471865,0.47731599637822086,2.8996056923747813,0.3735406309114432,0.5714523814487159
37.54869789,13.00967204,42.32605296,0.25189293,87.84813091,9.513613967,6.520661673,488.49624507794,1589.2881754711802,550.6480677572712,1142.8753724660867,3718.2646413336724,2.3964120970365532,15.70607162440477,1.642508574350672,5.345552363211181
33.89858939,12.66097664,52.9448991,-0.329786315,66.4443234,15.52498821,3.31025799,429.1892483957418,1794.7573948858806,670.334130712257,841.2500264280054,3517.887998180769,-5.119928652194346,-3.3643884501404084,-1.091677784221407,-2.3280072677130463
42.09116513,12.31950641,68.22980149,-0.307473225,69.27491142,11.24669833,6.793580386,518.5423786234035,2871.87184130271,840.5574768090826,853.4327152908722,4726.613454423934,-3.458058606127214,-3.8329337777899366,-2.088844070580165,-6.571790101993513
41.5516381,11.68428119,88.64537421,-0.321330943,65.01249831,15.73426215,8.489624862,485.50102346551733,3683.360508412993,1035.7574784624142,759.6243111184398,5763.0572410169425,-5.055905294068707,-21.828504512678517,-2.7279791626227046,-8.409032944488322
44.66615633,8.037367711,57.76549369,-0.176276452,66.45310785,20.60690248,8.040057561,358.99832266122024,2580.1625716371686,464.28251379398023,534.1080633291906,3838.696582190064,-3.6325116558844006,-8.151743305585294,-1.4172728207288534,-3.418056590636311
41.67037004,23.81531808,57.78113736,0.186822334,93.64087163,23.54719911,8.389170037,992.3931170139024,2407.761375123269,1376.0761652525716,2230.0871431568985,5410.676066163158,4.399142696892923,16.073897952334214,1.5672843266352063,4.105239005914348
46.23650766,6.8082011,18.79170768,0.292327837,118.2110424,21.32447777,10.1688083,314.78744231097045,868.8629360908008,127.93772489785444,804.8045488998266,2221.387353328885,6.2337384616586835,15.343222699322816,2.972625735206647,8.176778480617674
27.28767427,19.26596844,59.98183619,0.290532625,76.6781269,29.37287984,7.889493709,525.7234712868201,1636.764808069218,1155.60816300979,1477.2783728937152,4599.294847071832,8.53377988372478,20.20214022751612,2.292155317196756,9.685024965905317
33.6891371,6.236119789,8.224498463,0.863571304,55.93935853,23.41489871,3.412852613,210.0894945436441,277.0762562987463,51.28895761971438,348.84454071289895,460.0731682511909,20.22043461202262,49.82195639958821,2.9472415813682176,11.732292418892449
17.52590661,6.639786207,38.68721588,-0.006490026,69.19287067,16.24954247,0.843763693,116.36827297424813,678.028532513789,256.87484238725534,459.4258682974009,2676.8795249672103,-0.10545995311840424,-0.5301143127554115,-0.0054760483054260185,-0.16774500651950142
20.60760647,12.53748258,30.73393761,1.75198099,68.37775963,9.148821213,4.246363642,258.3675071331203,633.3528915404124,385.3262074001819,857.2849702205523,2101.5177983799967,16.02856084608474,-13.382554039538338,7.439548377411167,11.31081721378481
34.91226452,13.86038947,26.70493137,-0.099187843,73.58499669,17.36298814,8.791770582,483.8975835268626,932.329627977886,370.14074955782064,1019.9167132720607,1965.0822864681272,-1.7221973416411818,-9.607827211403306,-0.8720367601794345,-2.523299318589976
15.41367233,21.51237507,46.52754378,2.366317653,87.62617955,2.97466432,1.754703024,331.58470036904083,717.1603141446496,1000.9179728812056,1885.047240430764,4077.030905286766,7.03900069216524,41.695120906461874,4.1521847414636825,16.47371259517328
16.9524625,20.39145584,63.07321361,0.894466786,36.20881861,1.916807139,-0.256251291,345.685390448006,1069.2462884780145,1286.154650015202,738.3505257043852,2283.8065507542733,1.7145203210031852,24.404824430535697,-0.2292082686691207,5.303539359355324
14.94335784,20.82947385,78.77242711,1.23895477,25.01241564,7.22765791,2.57714859,311.26228135947247,1177.1245662300469,1640.7882105887759,520.9954574987111,1970.288687846924,8.954741243522731,-15.61349843888815,3.192970538579275,-5.688464744517281
31.94300595,19.25380322,70.93345704,-0.177495922,117.600954,11.21939672,8.704136109,615.0243508165892,2265.827840282789,1365.7388235624837,2264.265626800272,8341.842218422016,-1.991397165100176,-6.9644158178477005,-1.5449486638804475,-2.3405856024344636
38.85840052,25.53968397,51.4235248,0.460537217,68.86270048,6.198850912,0.945939446,992.4312688604836,1998.235922828553,1313.3405720154574,1758.7316075799672,3541.162785928252,2.854801547610392,-0.371735329213037,0.43564031991136176,-1.7009014463594914
47.89870644,20.69756946,73.26263785,-0.219542426,115.7025383,13.85898747,4.787234723,991.3868035860493,3509.1855833971827,1516.3585357232002,2394.7613231625605,8476.673161798655,-3.0426357310674024,-7.031334799687033,-1.051001124918858,-1.307266961811028
22.78650595,17.82227984,95.40266955,0.233273044,69.24391031,3.98650382,4.333564911,406.10748561672506,2173.8934973469586,1700.293074203147,1234.0843467606812,6606.053893654768,0.9299438810090281,3.2629905926020837,1.010903878160559,0.04447967264479119
19.77931053,20.98970825,51.60836156,0.139531799,115.7277981,9.101476409,6.924154608,415.1619574108529,1020.7778092397552,1083.244452404915,2429.092718533904,5972.522046887481,1.2699453769038298,7.16143975456701,0.96613974900838,1.0492503831154927
43.19794604,16.38860094,76.3252311,-0.214526003,117.4692985,2.906440904,4.607812417,707.9538990772132,3297.0932145483293,1250.863754151177,1925.1574558182406,8965.871355167383,-0.6235071500908267,-9.056573738936994,-0.9884955803927792,-3.518185210866443
19.86655029,13.66852581,25.30801579,0.149778606,113.874283,18.89172402,11.26731773,271.546455394528,502.78296843214906,345.9232670255025,1556.4935762807443,2881.9321522389287,2.8295760886523165,5.302428248810876,1.6876031429584846,2.310190179611431
21.65580157,11.59977182,17.82662361,0.009147793,56.06114717,17.08484497,6.0743889,251.2023567911978,386.0498235612371,206.78476619702468,650.2965151394387,999.3809697444066,0.1562886252226512,0.5501614088973507,0.05556725225869769,0.21280280981009703
19.92959476,19.41075937,56.26391967,-0.148857459,85.60360894,13.42239228,5.232250615,386.8485682279729,1121.317118632293,1092.12540592738,1661.631054337921,4816.394576862254,-1.9980232085020166,-4.186586719875599,-0.7788595314000872,-2.8784407212090968
48.27490384,17.46675762,38.37763912,-0.041450799,88.08738285,7.487960384,3.054737717,843.2060445020873,1852.676838124222,670.33292053687,1538.6009656210947,3380.5857900425767,-0.3103819407971468,-1.6565475190121162,-0.1266213191050859,-0.7794252264603363
51.37906053,9.437844302,20.61660505,0.592745783,98.08873041,8.611568518,5.286822074,484.9075736651736,1059.2617987870535,194.57630849772693,925.7461653904326,2022.2566147188945,5.10447092406006,8.304656506135455,3.133741489834814,11.4317755294838
21.53062249,12.51299802,71.45709717,0.110063556,120.6222212,12.95768742,4.685627059,269.41263658673745,1538.5157833985172,894.1425154031575,1509.345615043602,8619.313781149634,1.4261691549816655,4.030554936609,0.5157167762033618,1.516423909125103
25.29932292,23.41331332,58.010009,6.179585209,67.95225626,13.34687497,2.466948404,592.3409743098173,1467.6139502831063,1358.20651641302,1590.9874666163114,3941.910997212906,82.47815115098432,141.71028354540294,15.244717868724557,45.644109226323664
32.17930086,8.934395164,81.5984303,1.714780502,94.10201692,7.190432105,-0.000686877,287.502589984485,2625.78043832744,729.032621062311,840.7446048926942,7678.5768687360405,12.330012774608816,17.24181710651873,-0.001177843286872254,24.053322729435287
25.75300031,12.15205057,47.92744826,2.189832178,49.40703031,6.342825159,3.795017738,312.9517620963457,1234.275589897289,582.4167749465785,600.3967308406428,2367.952888862777,13.889722632606167,35.661693463144154,8.310451958753173,17.52187064577857
30.27088449,11.38522381,79.20601247,0.769814063,53.6186868,4.849493762,1.889598512,344.6407948453077,2397.63605439287,901.7781790686009,610.4607496162927,4246.922375305825,3.7332084964183747,-7.591135763164992,1.4546395079614742,0.6958904959549533
19.76992435,17.23042564,42.74851945,4.119251077,78.57673182,8.209283136,2.047726624,340.64421142110035,845.1349956010037,736.5751856033188,1353.9105346587319,3359.038948524704,33.81609839936594,33.72120224840034,8.435100101313575,30.15484698658888
41.49119401,18.1636023,63.02390179,2.883548993,104.3684539,1.186945922,1.179531106,753.6295469497823,2614.9369364360764,1144.741087507818,1895.7070893054843,6577.707188567742,3.4226167181285563,90.3526828771596,3.401235732918476,7.787456388980569
37.80492131,8.308841505,96.83038916,-0.190145314,48.43220764,12.03631193,1.550376731,314.11509927378694,3660.6652426104765,804.5483563979101,402.4155370180101,4689.709513659125,-2.288648311331796,-2.9589109025564397,-0.2947968703342886,-0.34152058450325773
47.66556018,13.76678616,44.8849295,0.146697718,85.49571346,9.955789267,10.07427575,656.2015741946711,2139.4653082573072,617.9212262331757,1177.001204800454,3837.469071204301,1.4604915663577929,2.8967063380216884,1.4778732630277385,1.6035299322270335
40.59221749,16.3119277,64.25671481,-0.102494832,93.06712306,14.33401256,0.189310505,662.1373168795554,2608.3225427604243,1048.1508862202393,1518.1041826017226,5980.187584653595,-1.4691622092230898,-0.6405075770170756,-0.019403348405810157,-0.27636678242654816
43.99326967,16.59430044,33.65956258,0.346732593,109.3158436,4.708051451,5.253487464,730.0375342419196,1480.7942135561807,558.5568941315016,1814.0199515504512,3679.5234786396923,1.6324348875826424,5.390386979719392,1.821555330685714,1.3769278218355536
48.2940159,8.813027568,94.52511529,0.245336646,99.75274708,12.29242863,1.856760039,425.6164934961304,4564.997420764593,833.0524469191485,879.1237099997717,9429.139918231213,3.015783211278575,7.767741307986094,0.4555312803950892,4.651935778899333
23.39114586,12.74727917,35.85831238,0.305203476,106.5968225,13.48529667,9.971017288,298.17346638360976,838.7670151740239,457.09591847292717,1358.8194550424373,3822.3821599204125,4.115759418575225,6.761578353537133,3.043189135553693,3.5892932958076735
26.8725676,7.035672438,88.20818459,0.425296346,107.6742262,4.263234843,0.171929458,189.0665832016118,2370.380403268053,620.6038931258793,757.5605855583175,9497.748020235014,1.8131382008677837,1.2262050614628464,0.07312097025716047,4.324558693225368
38.42011668,17.9588053,53.81158334,-0.219345653,57.01556566,21.27355643,10.24050331,689.9793950594025,2067.447310658344,966.3917480877838,1023.9314427573061,3068.097863190332,-4.6662621267706985,-5.493130457035542,-2.2462098855806114,-2.6979517863409574
18.48015762,24.74421204,55.98854285,0.693587654,44.94724465,-1.130756542,0.028060133,457.27693868190175,1034.677096782124,1385.392376091026,1112.1841522333557,2516.5307330759583,-0.7842787772109325,3.5416827968253632,0.019462161818397983,2.6002804591590674
44.99603229,23.39505569,57.25206397,-0.1981648,56.45056712,24.49498253,3.651328755,1052.6846812535882,2576.1157190632657,1339.4152249455924,1320.664161504483,3231.911479897019,-4.854043314060944,-2.37221113312712,-0.7235648324688241,-2.508582819835648
34.4957599,18.90847006,68.32676589,-0.085170531,77.733871,12.14875689,-1.257955551,652.2620432660987,2356.98371088495,1291.9546071276943,1469.8285724514021,5311.30400554046,-1.0347160753112086,-1.8162886807999012,0.10714074225306758,-0.470584135606467
42.47803908,22.12491057,87.12039694,-0.169398633,53.65891489,18.87668425,2.802498148,939.8228158339651,3700.703625882433,1927.530991120402,1187.1986932244913,4674.785964586476,-3.1976845075226303,-10.4033264779138,-0.4747393552562317,-2.496505886197692
17.32467541,15.01873914,52.60179458,-0.131246243,51.72954577,3.273574472,1.737110787,260.19478066796256,911.3090170819974,790.0126310928858,776.9125537503204,2721.0669403102484,-0.4296443506307087,-5.925861551080867,-0.22798926446852327,-1.94030353787082
38.40078011,7.847418728,63.06244737,0.239485706,77.47821324,14.23513204,6.553017551,301.3470010050239,2421.6471746538177,494.87743052485234,608.0039815915536,4885.965744769137,3.40911064660262,5.161220311264362,1.569354034631626,2.539570850473771
28.33358474,8.319544177,40.86145794,-0.182786184,104.9054708,22.79267351,3.34802738,235.72250993720303,1157.7515811429357,339.9487044684574,872.7656987295835,4286.590482770099,-4.1661858140507855,-11.669482054249624,-0.6119731487177179,-3.041011034316753
24.42737299,12.57775621,67.52372674,-0.161626583,65.30877882,25.29050693,5.895634263,307.24154231895875,1649.4272587528167,849.2969733263781,821.4378983707716,4409.89213476478,-4.08761821743372,-8.65914953244863,-0.9528912205464133,-4.357038921708849
25.67956407,17.14987784,79.15398434,0.170230769,102.8476543,7.265853018,8.81488123,440.4013867849532,2032.6398122548067,1357.4811619802729,1763.8247073755506,8140.801617867934,1.236871746695111,6.280861279690887,1.5005640104265658,3.8322887165502353
33.69869344,14.86805204,64.81279741,-0.278031193,112.6014599,30.93899858,9.527881991,501.03392774592663,2184.106590908416,963.6400447498572,1674.1643655731732,7298.015608568939,-8.602006685422706,-14.972640272876458,-2.649048396720945,-9.464335118900133
25.37275583,12.80871322,47.94501984,0.165783838,46.69285782,16.29540918,1.101061259,324.99235302755307,1216.4972816648256,614.1140094577703,598.0754252386143,2238.6899945661994,2.7015154756408326,12.956691733052596,0.18253816139013201,2.747570502696242
33.50780847,14.87019033,52.54026172,0.256924096,107.4903212,45.08369502,20.01617538,498.2674894900861,1760.5090266774328,781.2836917644131,1598.401534876834,5647.569608214864,11.583087587353202,22.296900338754686,5.142637764883956,9.093940571534242
38.55963944,18.01687786,77.52092201,0.211325966,106.6578984,17.4761027,5.666681299,694.7243141161188,2989.17880176196,1396.684983448756,1921.6423282770895,8268.218623616904,3.693154284992708,19.429218663653625,1.19751689952531,4.902028214075885
25.76407012,18.49768005,41.11866765,-0.204215129,97.16311806,39.31760912,14.15645781,476.5755258655251,1059.3842365755756,760.5999582719853,1797.2922705342567,3995.2179593468527,-8.029250618412377,-15.690583839814943,-2.890962857852207,-8.522913409628641
23.56922358,15.75412814,69.03350368,-0.141196697,55.85800698,22.70917887,0.301914724,371.31256843962956,1627.0660827446727,1087.5626629278815,879.9941996079344,3856.0739304112954,-3.2064610480261924,-14.259111618569355,-0.04262936180446664,-2.171370642494977
32.58598439,13.60023216,95.63468352,-0.310737765,61.3116515,41.30742634,8.623455327,443.17695286613593,3116.35030432531,1300.6538984201259,833.8526945130122,5863.520387291033,-12.83577733879373,-30.05340956098477,-2.6796332348893244,-14.162249800369043
28.7840444,21.0068527,56.02125388,0.446333074,58.3850144,7.62416391,1.522028196,604.6621808210599,1612.5182590255922,1176.8302283264636,1226.4853973881789,3270.8017144898563,3.402916514630159,35.639425655127056,0.6793315234353545,9.029589859228759
38.55448653,18.3299761,77.57662837,0.796217249,57.2048341,20.89962949,1.018233219,706.7028166426719,2990.9270735339805,1421.9777439406819,1048.563241857465,4437.758155943203,16.64064549764707,49.38287334572078,0.8107348524725946,17.535295032395144
37.1238267,18.28232491,67.37767891,0.275592636,47.2023843,14.09132269,-0.6631938,678.7098616319331,2501.317275303085,1231.8206175142745,862.9693262992829,3180.387093151825,3.883464764863711,21.509872004540128,-0.1827713275208568,4.807443341243739
28.23453159,2.284676559,77.66894605,1.042167555,45.10433147,6.314301728,1.764951133,64.50677247801801,2192.9463108107307,177.44842040267068,103.04880881887502,3503.205887564747,6.580560393402036,4.6332045050456045,1.83937480697309,7.832961079546847
26.55153326,20.42283176,77.33828653,0.20490149,95.48277026,13.38792219,5.602759983,542.2574967390243,2053.450087072705,1579.4668144088644,1950.0285529987116,7384.473845046043,2.743205204735063,14.574321872329945,1.1480138686290746,5.21041784755499
32.95486936,21.77760036,51.73868535,0.32647374,111.4762515,17.0524652,8.895262565,717.677974838089,1705.0416165673955,1126.7444127040867,2427.6852547978506,5767.634700355966,5.567182090063849,25.366378217375267,2.904069637877543,8.2002017289559
43.49685907,14.46095239,45.94904802,0.240897227,77.44048997,7.311838989,-0.170655529,629.0060081258097,1998.6392661266025,664.4669957830437,1119.8632385144424,3558.3167923238584,1.7614017367205834,2.6903958302159916,-0.04111044370831808,0.9263566249058596
34.24950895,19.64469627,97.58910414,0.219461131,70.92705252,7.104141712,1.961964145,672.8212007193966,3342.378895665412,1917.1083100916997,1393.3404040817381,6921.70751471753,1.5590829748997963,8.420036145450199,0.430574870243148,1.9490638390510875
35.86470057,14.36735996,51.07412412,-0.047099417,95.68592088,26.39254739,10.00624437,515.2810629468071,1831.7581684388147,733.8003258737582,1374.75406838704,4887.07459956162,-1.2430735952138716,-4.317622648138681,-0.47128827618653224,-1.380931993515618
43.86184485,9.985617993,39.30851476,0.226000617,88.62837739,17.64317611,7.286093136,437.9876271403344,1724.143975687055,392.5198122655621,885.0091199559783,3483.8498807896653,3.9873686866996594,4.242702439061496,1.6466615442554648,1.943237898126946
24.84715801,21.54090135,102.6450555,0.086958986,106.3259904,20.82553221,5.833263868,535.2301795212722,2550.4379129537197,2211.0670145907748,2290.3576701474467,10913.837185700466,1.810967163891939,10.962714089637648,0.5072547110317179,2.8495606548892454
23.82709601,20.43469995,48.55601449,0.231647218,54.97144016,22.22290582,8.971714207,486.8995576441922,1156.9488191161813,992.2275868710022,1123.32488548898,2669.194044945128,5.1478743090790084,7.745069296017787,2.078272636742626,6.055135713976956
37.72672637,17.74184078,46.61794449,-0.19682441,107.5055476,27.05529963,6.392601332,669.3415724071674,1758.7424357060793,827.0881486324583,1907.346308485911,5011.687650383853,-5.3251433870479685,-25.436496675770098,-1.258219985536114,-7.942306570238182
37.86045736,11.93676603,41.56990965,0.188090022,123.8753414,17.94251211,9.869170846,451.9314212951114,1573.8557917628775,496.2102853802892,1478.6709671781725,5149.486749860905,3.374807497505166,12.818183867086422,1.8562925615458985,4.040456732995908
33.82568083,9.849003548,57.4622799,-0.13742483,64.70849772,29.91043497,6.625976083,333.1492505081856,1943.7007396615245,565.9461986112691,637.3142236300299,3718.2978078951514,-4.110436440978305,-20.553363474374,-0.9105736367903409,-5.072688875698385
36.84745214,20.78385162,68.67870932,-0.175289544,115.1965852,30.01422498,7.379734367,765.8319778528115,2530.6354547056717,1427.408103959991,2394.228733927488,7911.552789607414,-5.261179810257609,-12.722223607525699,-1.2935902720325587,-6.117292249856614
45.0894766,22.20433285,91.42118936,-0.068476757,103.0680117,29.2725107,8.165647764,1001.1817464586862,4122.1335783918885,2029.9465180923185,2288.556437974494,9422.600214584396,-2.0044866019838,-9.108342299952612,-0.5591570776830213,-2.3459291677959264
36.27292072,15.28605234,39.08129167,-0.02928973,94.04675858,5.787654218,2.165654841,554.4697646505905,1417.5925943811064,597.398669982426,1437.603674061224,3675.468802683055,-0.16951882937858115,-0.645260249192188,-0.06343144556608292,-0.2947895650569311
29.11315562,11.77654218,57.45644085,0.29286771,60.32826482,7.216267354,2.831561402,342.85230515183406,1672.738303837375,676.6381991827001,710.4583552989401,3466.247379213466,2.1134116947137396,1.1610763578573373,0.8292729035281294,0.39232957434568105
26.18364448,12.08681653,37.35379396,0.074169064,70.07239284,14.12602629,13.01945324,316.4769069165073,978.0584610278113,451.48845429394214,846.9521560751657,2617.4697244295394,1.0477141479686927,1.7851590006673506,0.9656406606025675,0.6197220878644535
46.12288584,6.806558832,37.54507379,0.224891844,65.04319758,8.187519022,1.760069834,313.93813597157975,1731.687152270546,255.5527536034162,442.72035094967003,2442.051652678649,1.8413062506426567,5.153505538371396,0.39582535053703394,2.465622196851804
48.23864858,10.49842364,85.1979148,0.208164462,42.96823316,3.18795972,2.761856839,506.42976861392447,4109.832271785982,894.443802815026,451.0987147759759,3660.8038678722146,0.6636199199914706,-0.669540934336264,0.5749204430114556,1.5734859885963746
27.02545093,20.60729043,58.74718793,0.317604049,73.4648125,14.01041058,18.36035814,556.9213163162236,1587.6692446777035,1210.6203636193004,1513.9107275729941,4315.851146179713,4.449763128360439,13.89228708664988,5.831324086354108,3.2930260126870636
33.93725775,17.0354972,32.15086105,0.169666652,92.2427859,21.10361929,13.6549725,578.1380593758032,1091.1120583382858,547.7059033948641,1571.4017209196493,2965.6849923357995,3.580580430016917,4.351893727121499,2.31679346722707,3.5309050238377253
32.27855555,14.49457837,92.5988866,-0.335346998,75.98332403,3.301058368,4.03218566,467.86405308987344,2988.958304986251,1342.1818187984427,1101.3462449659391,7035.971205345026,-1.1070000139315792,-10.763547493798319,-1.3521813564596485,-4.5641343164464026
38.52041011,14.46840537,21.47552836,0.037375922,53.99561488,29.89164277,19.75698708,557.3289084901263,827.2461597561356,310.71664984741125,781.2304442862438,1159.5843586710778,1.117227708623384,2.57198666772854,0.7384356080570876,0.6296201983009948
33.40960419,6.96820814,75.95659505,-0.192492201,118.6068793,12.95682489,5.779215044,232.80507587093612,2537.6797762406136,529.2813639140937,826.4774217982575,9008.974701134328,-2.4940877410476827,-6.109940699637489,-1.1124538238718717,-1.9505728931806847
35.08819215,8.02090107,71.06539242,0.161070284,55.87542905,10.80677335,4.131592735,281.4389179603006,2493.556144448113,570.0084821015479,448.1712886538541,3970.8092920741174,1.7406500526081314,3.9275349798832186,0.6654768151987868,3.239941076483212
18.30591745,16.13973817,52.72963101,3.226897617,68.20697318,9.707732869,-0.212949665,295.4527146046341,965.26427243802,851.0424383021127,1100.8426884934124,3596.5285280903663,31.325860061448676,64.7383212876845,-0.6871667665294484,25.60600005697544
41.03545277,7.201842449,79.25624442,3.127564491,89.0534022,5.778180319,2.745208031,295.53086567292064,3252.3158746244862,570.7909854122754,641.3485721918299,7058.038211195765,18.07163158829945,-2.5173717328918266,8.585815158163628,-0.8258920957237881
27.13713968,10.67463935,59.13687453,0.145500167,65.3394112,14.41305001,5.636877184,289.6791790745744,1604.8056243592443,631.2648078939508,697.4746499013507,3863.9685619984766,2.0971011834343516,5.432826929328632,0.8201665716304899,1.9729760065578175
43.49486935,14.59875999,78.40799377,0.282212914,91.15870061,8.208451971,4.43020387,634.9711584370573,3410.345445021764,1144.6594823456453,1330.8039912056565,7147.570829510175,2.3165311501649537,9.560060618223618,1.250260743766777,4.61399320985418
25.03797731,17.7310729,36.23233927,0.217368429,88.91737759,16.14847285,1.360262715,443.9502009521559,907.1844885304819,642.4382489339027,1576.6005041251165,3221.6845918395748,3.510168174153653,6.8838230950793005,0.29567816938682473,3.901611016576011
35.30268406,7.639001035,64.65121131,0.1872797,106.955146,19.59931746,8.445741178,269.67724007261796,2282.3612869732283,493.87067011109366,817.030470992576,6914.779744737901,3.670554294113562,4.850826218917087,1.5817158740934867,2.488540814178203
41.55029394,18.97712047,40.13119601,0.062806737,116.1567959,10.55516948,7.88105219,788.504933663291,1667.4629903792552,761.5745412869533,2204.321509203502,4661.511144156464,0.6629357535207868,4.231041200348129,0.49498317218060406,1.2026892278170498
44.49197343,8.369915824,37.36762559,-0.032052141,111.0278579,19.5243083,7.953178002,372.3940724527445,1662.5594048924684,312.76388073104835,929.2938247420334,4148.847424066924,-0.6257958825590704,-1.0218232028618095,-0.2549163827182023,-0.6800086058905715
33.19841606,8.286328082,63.69787084,0.046959466,94.36899514,25.00857367,5.783078758,275.0929672758978,2114.6684182824615,527.821455905101,781.9724544987035,6011.104063728308,1.1743892649648602,3.948574460033971,0.2715702903116232,1.1166305554573572
45.67625546,10.18189088,23.01117646,-0.331863385,86.812962,26.85499165,18.27767705,465.07064890072417,1051.0643744220986,234.29728773614468,883.9201060535864,1997.6683875972747,-8.912188433115736,-20.812013189352005,-6.065691775749815,-5.913260617614999
40.14215842,17.31357448,36.27721039,0.019108164,118.0036929,26.18679377,7.843482891,695.0042495926291,1456.24552651105,628.0881840138949,2043.0657259391971,4280.844794130249,0.5003815499913383,1.0537755802553321,0.14987455741242212,0.5552228139783704
24.92960079,17.33094785,32.16203381,0.293608401,113.1594068,16.09156507,16.00069795,432.0536112128088,801.7866634777826,557.3985307110468,1961.1597779877354,3639.4366674211437,4.724618689790153,9.836963594791818,4.697939339983478,7.539903800546317
27.82038505,17.74920126,53.97459523,0.540325841,52.77187429,10.06711842,0.694802616,493.78961338314514,1501.5940222164932,958.0059536643059,936.6586176406296,2848.3405543311937,5.439524226733091,35.69820013072377,0.3754198078192001,8.214104541762676
48.56243763,17.12802152,37.0969455,0.169634461,122.2231313,20.52517512,7.746563326,831.7784767902978,1801.518102107259,635.3972808502672,2093.440423148186,4534.104840675444,3.48177701841181,10.428264641017602,1.3140840944083771,2.785886188217293
49.25562304,15.71747405,71.62369914,0.219941109,105.3867837,19.63473921,4.915459089,774.1739769477822,3527.869925570212,1125.7436325979572,1656.414038017713,7548.191289061056,4.318486316773184,17.479132737498073,1.0811115232787896,4.660872584697568
44.79896642,6.097597734,24.48481169,0.310086334,103.6973307,25.18507025,11.13248609,273.1660761281341,1096.8942567003335,149.2985322783607,632.3046086981686,2539.009614945156,7.809546105354964,15.30761491003805,3.4520317999540944,7.177353722035016
25.66155167,15.37210634,83.04260724,-0.147083922,77.86666708,25.83866863,6.60685122,394.4721011206446,2131.002156500776,1276.5397892441338,1196.9746866951373,6466.251051412277,-3.8004527213587673,-15.184884185290176,-0.9717615895080849,-4.53759667707253
24.940173,10.25057796,41.73546185,0.600672696,93.55236364,20.1035334,2.663964397,255.65118767238707,1040.8896387739,427.8126053900308,958.9657968340892,3904.451103674547,12.075643606504045,20.134350061385437,1.6001706763940042,7.107739096344725
48.27828057,10.63656442,48.0184168,0.541182551,72.01258569,13.04195508,5.578373331,513.5150413696392,2318.2465987976016,510.7509836396102,765.9665067424551,3457.930354508135,7.058078520221809,44.37295795857929,3.0189183097009473,15.513947951560663
29.56570457,10.2320329,44.23534136,-0.22769941,71.80116152,29.18003946,9.138861972,302.51726187192037,1307.849034202862,452.61746813825073,734.6718469308539,3176.148889881696,-6.644277768818719,-16.584940125067664,-2.0809134790958366,-6.805241808436099
30.64987609,24.94393089,52.63036173,0.096015275,69.65544265,14.04603885,1.770764447,764.5283909760234,1613.114065596378,1312.808105708821,1737.4805475739583,3665.9911431327696,1.3486342828434337,10.426766690700351,0.1700204353389279,2.3802179308128406
44.06771438,21.51138182,50.90974319,-0.214903424,78.80430949,14.30973974,10.44398479,947.9574299628846,2243.47602205607,1095.1389241182349,1695.1895905008394,4011.9071584011795,-3.0752120666748697,-18.073808902087112,-2.244448091574921,-3.552053049834434
53.22628802,15.2670874,16.04033245,-0.206301356,74.02767029,25.89397473,15.60048284,812.6103911789129,853.7673549202523,244.88915743920614,1130.1869123358133,1187.428441950588,-5.341962099028733,-11.343696558492027,-3.2184007641467307,-6.516198717675947
39.98210218,8.136459173,42.45866596,-0.081727257,67.33989876,33.23758699,16.37905211,325.3127420382843,1697.5867208392076,345.46320212358484,547.9083369746934,2859.1622672310577,-2.7164168139915863,-8.083782217155935,-1.3386150012103621,-2.340775686023946
42.27652788,23.46464723,56.80127276,0.285093662,120.256241,13.6778664,11.16441778,992.0038128134598,2401.3605914576247,1332.8218275284087,2821.7702722708627,6830.707546133296,3.8994730203227568,36.268247999815294,3.182904748998111,6.193360293250577
45.52538181,21.80354826,51.86786709,0.204819671,51.03952152,26.88670105,5.240698553,992.6148593492611,2361.3044529425833,1130.9035432400806,1112.8426706286286,2647.3111185365547,5.506925263336354,16.29387587028117,1.073398153435636,6.539988208708814
29.27626639,18.67085811,37.98808172,0.216638828,71.06555628,28.18962809,8.514966769,546.613015758252,1112.1492000798094,709.2700836652048,1326.8549178120995,2699.644159441899,6.106967991173478,22.953219378480693,1.844672421295107,5.201865885539175
42.5028866,16.77567373,65.88789024,0.164612482,111.3905948,38.61716393,4.888092802,713.014558184789,2800.4255271839666,1105.3137494242915,1868.6522749554347,7339.291283950715,6.356867202318174,16.29986757955098,0.8046410883835546,6.891835811159201
30.61406094,25.71907172,41.15244493,-0.278087804,90.63275305,26.05405451,8.196870579,787.3652289563106,1259.8434569170142,1058.4026826080203,2330.9902758739986,3729.759378744415,-7.245314803982196,-31.67739073737334,-2.2794497389863184,-10.088606489731665
22.30677348,16.88305223,91.33529952,0.107732868,64.76126273,36.2078154,4.709928887,376.6064217456189,2037.395837120593,1542.018632238854,1093.3677811513423,5914.989328737963,3.900771797056567,14.323613499649708,0.5074141470725579,4.773440517934898
38.97440619,21.07824801,38.70851469,-0.196080096,114.2708237,28.32400757,9.850905545,821.5121997152992,1508.6413745396421,815.9076727345482,2408.6287622555856,4423.25385782985,-5.553774123430327,-30.643317500240883,-1.9315665049505324,-7.1252262368659505
30.89624153,20.11432418,48.83699447,0.278984343,91.42538859,37.23218069,6.745771249,621.4570180779992,1508.8795767443944,982.3231387464473,1838.9599043817332,4464.941196987431,10.387195468256937,31.952395571300315,1.8819645599305546,11.57773673808958
39.90487687,11.4462557,62.44934288,0.033836175,91.19622722,34.72230341,9.831573032,456.7614243310357,2492.0333382388117,714.8111469014544,1043.85533563542,5695.144463024169,1.174869934583857,4.829409342905626,0.3326628256360326,1.3447654140352165
48.03877684,16.67546468,63.13301955,-0.333441483,104.399432,48.92213718,9.74709476,801.068926465822,3032.833037397807,1052.7724376477745,1740.909040928062,6591.051381464896,-16.312669972828637,-48.195341692009045,-3.2500857317159286,-17.788999411079956
39.28746261,18.61207712,54.760134,0.320175129,86.55547256,33.09067811,8.520974137,731.2212839464364,2151.3867170435897,1019.199837109534,1610.9771304447636,4739.789275818923,10.594812132566727,46.35993582092673,2.7282039935196387,14.028047473029192
35.01230016,12.13583218,40.21795494,0.185701668,90.39302577,33.9699398,8.748584897,424.90339897754717,1408.1231101806347,488.07835177464193,1096.994590987135,3635.4226373081183,6.308274482719586,34.49235054455238,1.6246268080125081,9.851889811969489
48.37871803,10.6281477,34.04015721,0.279182938,105.5667892,55.57702148,12.71295803,514.176160759493,1646.8191673594613,361.78381855909987,1121.9794278323648,3593.51010052293,15.516156142075507,36.752550615028305,3.549240973486092,15.565788933022645
37.04618989,11.57396687,56.25579029,-0.317401538,116.8604512,62.02776105,13.74559355,428.77137444658894,2084.0626894953584,651.1026530621276,1352.5389906020516,6574.077035901979,-19.687706755966495,-48.52111007811455,-4.3628725334928795,-21.166193422295326
48.33468721,15.20833095,59.84688564,-0.036876392,102.0118689,39.84299438,6.733389095,735.0899194544121,2892.6804979020408,910.1712431399227,1551.4302630592124,6105.092651980973,-1.469265879210677,-6.319129826603849,-0.24830309575574525,-1.841776320789603
20.30088788,22.52832155,10.68714743,-0.277145422,120.9905664,58.06385354,14.35230146,457.34492991113785,216.95858173346016,240.7634937552961,2725.7143843758263,1293.0440207560043,-16.092131192289493,-42.875276858687556,-3.9776746448029154,-15.814497359683756
39.94390445,15.85467228,59.11505015,0.199467341,117.2602967,39.50755178,3.667236383,633.2975146383836,2361.2859147485583,937.2497469440149,1859.1235756340654,6931.84832002438,7.880466302976417,40.18609177593053,0.7314938901354676,12.726418188742464
26.62323015,7.323590797,44.68886948,0.328547267,63.96128836,60.51367875,8.820097202,194.97764331295292,1189.762057309351,327.28299325206217,468.4263027975592,2858.3576672926833,19.881603769428473,57.71445731986748,2.8978188303914467,22.06166112893296
43.0235388,25.23665704,96.62007784,0.276400536,102.571441,41.7005535,3.94580528,1085.770293342733,4156.93766780826,2438.367767626184,2588.5602786155946,9910.460613580966,11.526055338896674,61.07035583073562,1.09062269434363,15.235131227539396
25.42705255,9.172788936,33.5374442,0.441210285,50.50523998,37.12933945,2.496922901,233.23698630573057,852.7583560660928,307.6318970994774,463.27390649856886,1693.8166676368592,16.381846440596245,79.65281845497114,1.1016680647732366,10.704558472237794
37.91193202,18.91939531,55.45367788,-0.052652784,114.2455039,51.73567595,5.75084115,717.2708288522268,2102.356066045538,1049.1500532051227,2161.4558506742464,6335.333372508884,-2.724027370889345,-10.913616165667891,-0.3027977968892616,-2.942290016305087
37.36732982,12.8607674,42.92033698,0.70491849,106.8457442,23.72090486,0.563061234,480.5725371741039,1603.818387917203,551.9884706293985,1374.118263836099,4585.85534594288,16.721304435344862,113.06447853573844,0.3969122748488166,22.467348458482828
28.44921251,15.1954436,57.1270108,-0.161957864,71.45073345,57.12862708,11.26703139,432.29840416011945,1625.218470310265,868.0702706479909,1085.7255903181085,4081.766821466071,-9.252430415129357,-38.755005755937304,-1.824784337545351,-11.123383536786765
26.68091122,17.05450533,73.61943053,0.127764782,61.2313726,18.98639937,9.496533243,455.02974261074684,1964.2334900378876,1255.54297036545,1044.2707703699161,4507.818781382246,2.4257931764729874,21.84373914112337,1.213322499547648,5.01883895916316
44.75096605,21.6879391,58.42875253,0.995222037,62.92168296,27.59485723,-0.271473975,970.5562263585676,2614.7431208138814,1267.199226559611,1364.6416281059878,3676.4354424409576,27.463010023164777,175.2769880399668,-0.27017688239198706,30.195302575669388
33.29826959,20.46426905,79.55832859,17.01937318,47.24290462,6.039570477,0.035798362,681.4247477891931,2649.1546735196243,1628.103041434067,966.7915108471678,3758.566529303989,102.78970379497359,-192.2854454433481,0.6092656821107311,80.75251270073129
32.76229548,21.65393227,84.32268549,-0.213252531,67.29427025,33.59919904,10.44029901,709.432527333647,2762.6047376904885,1825.9177204249715,1457.1855701525758,5674.433585569814,-7.16511423485277,-35.388236338380054,-2.2264201882792944,-7.6742233535412945
